id,name,icon_asset_name,tier,tag
1,Sticks,GeneratedIcons/Other/Sticks,1,Stick
2,Bush,GeneratedIcons/Other/Bush,1,Fiber Plant
3,Rotten Log,GeneratedIcons/Other/RottenLog,1,Wood Logs
4,Rotten Stump,GeneratedIcons/Other/RottenStump,1,Wood Logs
5,Maple Sapling,GeneratedIcons/Other/MapleTreeSapling,6,Sapling
6,Pine Sapling,GeneratedIcons/Other/PineTreeSapling,1,Sapling
7,Spruce Sapling,GeneratedIcons/Other/SpruceTreeSapling,1,Sapling
8,Oak Sapling,GeneratedIcons/Other/OakTreeSapling,1,Sapling
9,Birch Sapling,GeneratedIcons/Other/BirchTreeSapling,2,Sapling
10,Beech Sapling,GeneratedIcons/Other/BeechTreeSapling,1,Sapling
11,Dead Tree,GeneratedIcons/Other/DeadTree,1,Tree
12,Young Beech Tree,GeneratedIcons/Other/BeechTreeYoung,1,Tree
13,Young Birch Tree,GeneratedIcons/Other/BirchTreeYoung,2,Tree
14,Young Oak Tree,GeneratedIcons/Other/OakTreeYoung,1,Tree
15,Young Spruce Tree,GeneratedIcons/Other/SpruceTreeYoung,3,Tree
16,Young Pine Tree,GeneratedIcons/Other/PineTreeYoung,4,Tree
17,Young Maple Tree,GeneratedIcons/Other/MapleTreeYoung,6,Tree
18,Dendro Tree,GeneratedIcons/Other/DendroTreeYoung,2,Tree
19,Mature Beech Tree,GeneratedIcons/Other/BeechTreeMature,1,Tree
20,Mature Birch Tree,GeneratedIcons/Other/BirchTreeMature,2,Tree
21,Mature Oak Tree,GeneratedIcons/Other/OakTreeMature,1,Tree
22,Large Stump,,3,Stump
23,Ancient Oak Tree,GeneratedIcons/Other/OakTreeAncient,6,Tree
24,Gnarled Maple Tree,GeneratedIcons/Other/MapleTreeGnarled,6,Tree
25,Mature Maple Tree,GeneratedIcons/Other/MapleTreeMature,6,Tree
26,Mature Pine Tree,GeneratedIcons/Other/PineTreeMature,4,Tree
27,Mature Spruce Tree,GeneratedIcons/Other/SpruceTreeMature,3,Tree
28,Large Fallen Tree,,3,Tree
29,Large Tree Stump,,2,Tree
30,Stunted Cypress Tree,GeneratedIcons/Other/WillowTreeMature,5,Tree
31,Dead Cypress Tree,GeneratedIcons/Other/CypressTreeYoung,5,Tree
32,Ancient Pine Tree,GeneratedIcons/Other/PineTreeAncient,4,Tree
33,Mature Cypress Tree,GeneratedIcons/Other/CypressTreeMature,5,Tree
34,Ancient Cypress Tree,GeneratedIcons/Other/CypressTreeAncient,5,Tree
35,Young Baobab Tree,GeneratedIcons/Other/BaobabTreeYoung,7,Tree
36,Ancient Baobab Tree,GeneratedIcons/Other/BaobabTreeAncient,7,Tree
38,Flint Pile,GeneratedIcons/Other/Flint,1,Rock
40,Limestone Boulder,GeneratedIcons/Other/LimestoneBoulder,1,Rock
41,Limestone Outcrop,GeneratedIcons/Other/LimestoneOutcrop,1,Rock
42,Large Limestone Outcrop,Resources/LargeLimestoneRock1,1,Rock
43,Large Limestone Rock,Resources/LargeLimestoneRock2,1,Rock
44,Large Limestone Boulder,GeneratedIcons/Other/LimestoneBoulder,1,Rock
45,Limestone Rock Formation,GeneratedIcons/Other/LimestoneBoulder,1,Rock
46,Shale Boulder,GeneratedIcons/Other/ShaleBoulder,2,Rock Boulder
47,Shale Outcrop,GeneratedIcons/Other/GeneratedIcons/Other/OutcropT2,2,Rock Outcrop
48,Sandstone Boulder,GeneratedIcons/Other/SandstoneBoulder,2,Rock Boulder
49,Sandstone Outcrop,GeneratedIcons/Other/GeneratedIcons/Other/OutcropT2,2,Rock Outcrop
50,Granite Boulder,GeneratedIcons/Other/GraniteBoulder,3,Rock Boulder
51,Granite Outcrop,GeneratedIcons/Other/GeneratedIcons/Other/OutcropT3,3,Rock Outcrop
52,Basalt Outcrop,GeneratedIcons/Other/GeneratedIcons/Other/OutcropT4,4,Rock Outcrop
53,Basalt Stalagmite,GeneratedIcons/Other/BasaltStalagmite,4,Rock Boulder
54,Diorite Outcrop,GeneratedIcons/Other/GeneratedIcons/Other/OutcropT5,5,Rock Outcrop
55,Diorite Boulder,GeneratedIcons/Other/DioriteBoulder,5,Rock Boulder
56,Marble Outcrop,GeneratedIcons/Other/GeneratedIcons/Other/OutcropT6,6,Rock Outcrop
57,Marble Boulder,GeneratedIcons/Other/MarbleBoulder,6,Rock Boulder
58,Ferralith Vein,GeneratedIcons/Other/GeneratedIcons/Other/OreVeinT1,1,Ore Vein
59,Ferralith Outcrop,GeneratedIcons/Other/GeneratedIcons/Other/OreVeinT1,1,Ore Vein
60,Rich Ferralith Vein,GeneratedIcons/Other/GeneratedIcons/Other/OreVeinT1,1,Ore Vein
61,Pyrelite Vein,GeneratedIcons/Other/GeneratedIcons/Other/OreVeinT2,2,Ore Vein
62,Emarium Vein,GeneratedIcons/Other/GeneratedIcons/Other/OreVeinT3,3,Ore Vein
63,Elenvar Vein,GeneratedIcons/Other/GeneratedIcons/Other/OreVeinT4,4,Ore Vein
64,Luminite Vein,GeneratedIcons/Other/GeneratedIcons/Other/OreVeinT5,5,Ore Vein
65,Rathium Vein,GeneratedIcons/Other/GeneratedIcons/Other/OreVeinT6,6,Ore Vein
66,Mud Mound,GeneratedIcons/Other/GeneratedIcons/Other/ClayT1,1,Clay
67,Clay Mound,GeneratedIcons/Other/GeneratedIcons/Other/ClayT2,2,Clay
68,Earthenware Clay,GeneratedIcons/Other/GeneratedIcons/Other/ClayT3,3,Clay
69,Fine Clay,GeneratedIcons/Other/GeneratedIcons/Other/ClayT4,4,Clay
70,Kaolinite Clay,GeneratedIcons/Other/GeneratedIcons/Other/ClayT5,5,Clay
71,Bentonite Clay,GeneratedIcons/Other/GeneratedIcons/Other/ClayT6,6,Clay
72,Wild Grains,GeneratedIcons/Other/WildGrains,1,Wild Grain
73,Strawberry Bush,GeneratedIcons/Other/BushStrawberry,1,Berry
74,Button Mushrooms,GeneratedIcons/Other/GeneratedIcons/Other/MushroomT1,1,Mushroom
75,Blackberry Bush,GeneratedIcons/Other/BushBlackberry,5,Berry
76,Oyster Mushrooms,GeneratedIcons/Other/OysterMushrooms,7,Mushroom
77,Prickly Pear,GeneratedIcons/Other/PricklyPear,2,Fruit
78,Juniper Berry Bush,GeneratedIcons/Other/JuniperBerryBush,3,Berry
79,Chanterelles,GeneratedIcons/Other/GeneratedIcons/Other/MushroomT2,2,Mushroom
80,Honeyberry Bush,GeneratedIcons/Other/HoneyberryBush,2,Berry
81,Morel Mushrooms,GeneratedIcons/Other/GeneratedIcons/Other/MushroomT6,6,Mushroom
82,Truffle Patch,GeneratedIcons/Other/GeneratedIcons/Other/MushroomT5,5,Mushroom
83,King Trumpet,GeneratedIcons/Other/GeneratedIcons/Other/MushroomT9,9,Mushroom
84,Cloudberry Bush,GeneratedIcons/Other/CloudberryBush,8,Berry
85,Ghost Mushroom,GeneratedIcons/Other/GeneratedIcons/Other/MushroomT8,8,Mushroom
86,Citriformis,GeneratedIcons/Other/Citriformis,9,Flower
87,Dandelions,GeneratedIcons/Other/WildDandelion,2,Flower
88,Daisies,GeneratedIcons/Other/WildDaisies,1,Flower
89,Lavender,GeneratedIcons/Other/Wildflowers,1,Flower
90,Lavender Cluster,Resources/LargeLavender,1,Flower
91,Small Lavender Cluster,Resources/MediumLavender,1,Flower
92,Bluebell,GeneratedIcons/Other/Bluebell,4,Flower
93,Aloe,GeneratedIcons/Other/Aloe,3,Flower
94,Peppermint,GeneratedIcons/Other/WildPeppermint,2,Flower
95,Snowdrop Flowers,GeneratedIcons/Other/SnowdropFlowers,3,Flower
96,Marigold,GeneratedIcons/Other/Marigold,3,Flower
97,Thyme,GeneratedIcons/Other/Thyme,3,Flower
98,Morning Glory,GeneratedIcons/Other/MorningGlory,5,Flower
99,Desert Rose,GeneratedIcons/Other/DesertRose,6,Flower
100,Rosemary,GeneratedIcons/Other/Rosemary,4,Flower
101,Fireweed,GeneratedIcons/Other/Fireweed,6,Flower
102,White Lily,GeneratedIcons/Other/WhiteLily,10,Flower
103,Ghost Thyme,GeneratedIcons/Other/GhostThyme,5,Flower
104,Golden Witlow,GeneratedIcons/Other/GoldenWitlow,7,Flower
105,King of the Alps,GeneratedIcons/Other/KingOfTheAlps,8,Flower
125,Ferns,GeneratedIcons/Other/Ferns,2,Fiber Plant
127,Pine Weed,GeneratedIcons/Other/PineWeed,2,Fiber Plant
128,Grassy Reeds,GeneratedIcons/Other/GrassyReeds,7,Fiber Plant
129,Reindeer Lichen,GeneratedIcons/Other/ReindeerLichen,7,Flower
130,Ghost Succulent,GeneratedIcons/Other/GhostSucculent,3,Fiber Plant
131,Bullrushes,GeneratedIcons/Other/Bullrushes,3,Fiber Plant
132,Spanish Moss,GeneratedIcons/Other/SpanishMoss,3,Fiber Plant
133,Thorny Stump,Resources/FlaxLog,4,Stump
134,Brambles,GeneratedIcons/Other/GeneratedIcons/Other/Brambles,4,Fiber Plant
135,Heather,GeneratedIcons/Other/Heather,5,Fiber Plant
136,Large Brambles,GeneratedIcons/Other/LargeBrambles,5,Fiber Plant
137,Arctic Grass,GeneratedIcons/Other/RedArcticGrass,8,Fiber Plant
138,Pink Lilies,GeneratedIcons/Other/PinkLilies,5,Flower
139,Ancient Thorns,GeneratedIcons/Other/AncientThorns,6,Fiber Plant
140,Rough Hieroglyphs,GeneratedIcons/Other/RoughHieroglyphs,1,Research
141,Simple Hieroglyphs,GeneratedIcons/Other/SimpleHieroglyphs,2,Research
142,Neat Hieroglyphs,GeneratedIcons/Other/NeatHieroglyphs,3,Research
143,Fine Hieroglyphs,GeneratedIcons/Other/FineHieroglyphs,4,Research
144,Exquisite Hieroglyphs,GeneratedIcons/Other/ExquisiteHieroglyphs,5,Research
145,Peerless Hieroglyphs,GeneratedIcons/Other/PeerlessHieroglyphs,6,Research
152,Gem Encrusted Stalagmite,Resources/GemEncrustedStalagmite,1,Metal Outcrop
153,Fossils,GeneratedIcons/Other/Fossils,3,Bones
154,Sandcovered Fossils,GeneratedIcons/Other/SandcoveredFossils,3,Bones
156,Wild Starbulb Plant,GeneratedIcons/Other/WildOnion,1,Wild Vegetable
158,Salt Deposit,GeneratedIcons/Other/SaltDeposit,1,Salt
159,Vines,Resources/SchoolOfMuckfin,1,Obstacle
160,Root,Resources/SchoolOfMuckfin,1,Obstacle
161,Rubble,Resources/SchoolOfMuckfin,1,Obstacle
162,Ancient Door,Resources/SchoolOfMuckfin,1,Obstacle
163,Ancient Blue Door,Resources/SchoolOfMuckfin,1,Obstacle
164,Ancient Red Door,Resources/SchoolOfMuckfin,1,Obstacle
165,Ancient Green Door,Resources/SchoolOfMuckfin,1,Obstacle
166,Ancient Yellow Door,Resources/SchoolOfMuckfin,1,Obstacle
167,Complicated Ancient Door,Resources/SchoolOfMuckfin,1,Obstacle
168,Ancient Door ,Resources/SchoolOfMuckfin,1,Obstacle
169,Ancient Door   ,Resources/SchoolOfMuckfin,1,Obstacle
170,Large Rubble,Resources/SchoolOfMuckfin,1,Obstacle
171,Ancient Brazier,Resources/SchoolOfMuckfin,1,Obstacle
172,Ancient Brazier ,Resources/SchoolOfMuckfin,1,Obstacle
173,Lit Ancient Brazier,Resources/SchoolOfMuckfin,1,Obstacle
174,Broken Ancient Brazier,Resources/SchoolOfMuckfin,1,Obstacle
175,Hexite Aurumite Axe,Resources/SchoolOfMuckfin,1,Obstacle
176,Collapsed Pillars,Resources/SchoolOfMuckfin,2,Obstacle
177,Lit Wooden Brazier,Resources/SchoolOfMuckfin,1,Obstacle
178,Wooden Brazier,Resources/SchoolOfMuckfin,1,Obstacle
179,Vines T2,Resources/SchoolOfMuckfin,2,Obstacle
180,Root T2,Resources/SchoolOfMuckfin,2,Obstacle
181,Rubble T2,Resources/SchoolOfMuckfin,2,Obstacle
182,Lit Wooden Brazier ,Resources/SchoolOfMuckfin,1,Obstacle
183,Wooden Brazier ,Resources/SchoolOfMuckfin,1,Obstacle
184,Collapsed Pillar,Resources/SchoolOfMuckfin,1,Obstacle
185,Ancient Adventurer's Letter,Resources/SchoolOfMuckfin,1,Note
186,Ancient Trapsmith's Note,Resources/SchoolOfMuckfin,1,Note
187,Baffled Adventurer's Note,Resources/SchoolOfMuckfin,1,Note
188,Apprehensive Adventurer's Note,Resources/SchoolOfMuckfin,1,Note
189,Helpful Adventurer's Note,Resources/SchoolOfMuckfin,1,Note
190,Key Pedestal,Resources/SchoolOfMuckfin,2,Obstacle
191,Empty Key Pedestal ,Resources/SchoolOfMuckfin,2,Obstacle
192,Intricate Door,Resources/SchoolOfMuckfin,2,Obstacle
193,Open Door,Resources/SchoolOfMuckfin,2,Obstacle
194,Ancient Adventurer's Note,Resources/SchoolOfMuckfin,2,Note
195,Powered Door,Resources/PoweredDoor,1,Door
196,Partially Powered Door,Resources/PartiallyPoweredDoor,1,Door
197,Unpowered Door,Resources/UnpoweredDoor,1,Door
198,Powered Door Contraption,Resources/LeverDoorContraptionState1,1,Door
199,Overloaded Door Contraption,Resources/LeverDoorContraptionState2,1,Door
200,Ornate Door,Resources/SchoolOfMuckfin,1,Obstacle
201,Energy Source,Resources/EnergySource,6,Obstacle
202,Ornate Key Pedestal,Resources/SchoolOfMuckfin,6,Obstacle
203,Advanced Key Pedestal,Resources/SchoolOfMuckfin,6,Obstacle
204,Power Source,Resources/EnergySource,6,Obstacle
205,Broken Power Source,Resources/EnergySource,6,Obstacle
206,Collapsed Marble Pillars,Resources/SchoolOfMuckfin,6,Obstacle
207,Advanced Door,Resources/SchoolOfMuckfin,6,Obstacle
208,Right Power Core Pedestal,Resources/EnergySource,6,Obstacle
209,Empty Power Core Pedestal,Resources/EnergySource,6,Obstacle
210,Runic Door,Resources/SchoolOfMuckfin,6,Obstacle
211,Trap Rubble,Resources/SchoolOfMuckfin,6,Obstacle
212,Runic Door ,Resources/SchoolOfMuckfin,6,Obstacle
213,Mysterious Contraption,Resources/EnergySource,6,Obstacle
214,Powered Contraption,Resources/EnergySource,6,Obstacle
215,Vines T3,Resources/SchoolOfMuckfin,3,Obstacle
216,Root T3,Resources/SchoolOfMuckfin,3,Obstacle
217,Rubble T3,Resources/SchoolOfMuckfin,3,Obstacle
218,Enadarite Stand,Resources/EnergySource,3,Obstacle
219,Key Mold Pedestal,Resources/EnergySource,3,Obstacle
220,Empty Enadarite Stand,Resources/KeyPillarEmpty,3,Obstacle
221,Empty Key Mold Pedestal,Resources/KeyPillarEmpty,3,Obstacle
222,Enadarite Door,Resources/SchoolOfMuckfin,3,Obstacle
223,Left Power Core Pedestal,Resources/EnergySource,6,Obstacle
500,Depleted Sticks,Resources/DepletedResource,-1,Depleted Resource
501,Depleted Flint,Resources/DepletedResource,-1,Depleted Resource
1000028,Large Fallen Tree Stump,,3,Tree
1000029,Fallen Grove Tree,,3,Tree
1010008,Planted Birch Sapling,GeneratedIcons/Other/BirchTreeSapling,2,Sapling
1010009,Planted Beech Sapling,GeneratedIcons/Other/BeechTreeSapling,1,Sapling
1010010,Planted Oak Sapling,GeneratedIcons/Other/OakTreeSapling,1,Sapling
1011008,Planted Birch Tree,GeneratedIcons/Other/BirchTreeYoung,2,Tree
1011009,Planted Beech Tree,GeneratedIcons/Other/BeechTreeYoung,1,Tree
1011010,Planted Oak Tree,GeneratedIcons/Other/OakTreeYoung,1,Tree
1012008,Fully Grown Birch Tree,GeneratedIcons/Other/BirchTreeMature,2,Tree
1012009,Fully Grown Beech Tree,GeneratedIcons/Other/BeechTreeMature,1,Tree
1012010,Fully Grown Oak Tree,GeneratedIcons/Other/OakTreeMature,1,Tree
1020001,Medium Ferralith Vein,GeneratedIcons/Other/GeneratedIcons/Other/OreVeinT1,1,Ore Vein
1090000,Silken Hexmoths,GeneratedIcons/Other/SilkenHexmoths,1,Insects
1110000,Moonlit Crawdads,GeneratedIcons/Other/SchoolOfShrimpT1,1,Baitfish
1110001,School Of Breezy Fin Darters ,GeneratedIcons/Other/SchoolOfBreezyFinDarters,1,Lake Fish School
1110002,School Of Oceancrest Marlins,GeneratedIcons/Other/SchoolOfOceancrestMarlins,1,Ocean Fish School
1110003,Frenzied School Of Oceancrest Marlins,GeneratedIcons/Other/FrenziedSchoolOfOceancrestMarlins,1,Chummed Ocean Fish School
1110004,Seaside Clam,GeneratedIcons/Other/SeasideClam,1,Mollusks
2010008,Planted Dendro Sapling,GeneratedIcons/Other/DendroTreeSapling,1,Sapling
2011008,Planted Dendro Tree,GeneratedIcons/Other/DendroTreeYoung,2,Tree
2012008,Fully Grown Dendro Tree,GeneratedIcons/Other/DendroTreeMature,2,Tree
2020001,Medium Pyrelite Vein,GeneratedIcons/Other/GeneratedIcons/Other/OreVeinT2,2,Ore Vein
2020002,Large Pyrelite Vein,GeneratedIcons/Other/GeneratedIcons/Other/OreVeinT2,2,Ore Vein
2050000,Garden Boulder,GeneratedIcons/Other/RockyGardenBoulderA,4,Rock Boulder
2050001,Large Garden Boulder,GeneratedIcons/Other/LargeGardenBoulderA,2,Rock Outcrop
2110000,Driftwood Crayfish,GeneratedIcons/Other/SchoolOfShrimpT2,2,Baitfish
2110001,School Of Emberfin Shiners,GeneratedIcons/Other/SchoolOfEmberfinShiners,2,Lake Fish School
2110002,School Of Serpentfish,GeneratedIcons/Other/SchoolOfSerpentFish,2,Ocean Fish School
2110003,Frenzied School Of Serpentfish,GeneratedIcons/Other/FrenziedSchoolOfSerpentFish,2,Chummed Ocean Fish School
2110004,Tough Shelled Mussel,GeneratedIcons/Other/ToughShelledMussel,2,Mollusks
2140000,Giant Groundsel Plant,GeneratedIcons/Other/GiantGroundselPlant,2,Fiber Plant
2390533,School Of Mysterious Anglerfish,GeneratedIcons/Other/SchoolOfAbyssalSwordfish,8,Ocean Fish School
3010008,Planted Maple Sapling,GeneratedIcons/Other/MapleTreeSapling,6,Sapling
3010009,Planted Pine Sapling,GeneratedIcons/Other/PineTreeSapling,1,Sapling
3010010,Planted Spruce Sapling,GeneratedIcons/Other/SpruceTreeSapling,1,Sapling
3010011,Planted Willow Sapling,GeneratedIcons/Other/WillowTreeSapling,1,Sapling
3011008,Planted Maple Tree,GeneratedIcons/Other/MapleTreeYoung,6,Tree
3011009,Planted Pine Tree,GeneratedIcons/Other/PineTreeYoung,4,Tree
3011010,Planted Spruce Tree,GeneratedIcons/Other/SpruceTreeYoung,3,Tree
3011011,Planted Willow Tree,GeneratedIcons/Other/WillowTreeYoung,3,Tree
3012008,Fully Grown Maple Tree,GeneratedIcons/Other/MapleTreeMature,6,Tree
3012009,Fully Grown Pine Tree,GeneratedIcons/Other/PineTreeMature,4,Tree
3012010,Fully Grown Spruce Tree,GeneratedIcons/Other/SpruceTreeMature,3,Tree
3012011,Fully Grown Willow Tree,GeneratedIcons/Other/WillowTreeMature,3,Tree
3020001,Medium Emarium Vein,GeneratedIcons/Other/GeneratedIcons/Other/OreVeinT3,3,Ore Vein
3020002,Large Emarium Vein,GeneratedIcons/Other/GeneratedIcons/Other/OreVeinT3,3,Ore Vein
3110000,Hunchback Prawns,GeneratedIcons/Other/SchoolOfShrimpT3,3,Baitfish
3110001,School Of Coralcrest Darter,GeneratedIcons/Other/SchoolOfCoralcrestDarter,3,Lake Fish School
3110002,School Of Wavecrest Eels,GeneratedIcons/Other/SchoolOfWavecrestEel,3,Ocean Fish School
3110003,Frenzied School Of Wavecrest Eels,GeneratedIcons/Other/FrenziedSchoolOfWavecrestEel,3,Chummed Ocean Fish School
3110004,Pearlback Snail,GeneratedIcons/Other/PearlbackSnail,3,Mollusks
4010011,Planted Cypress Sapling,GeneratedIcons/Other/CypressTreeSapling,1,Sapling
4011011,Planted Cypress Tree,GeneratedIcons/Other/CypressTreeYoung,5,Tree
4012011,Fully Grown Cypress Tree,GeneratedIcons/Other/CypressTreeMature,5,Tree
4050000,Garden Pillar,GeneratedIcons/Other/GardenPillarA,4,Rock Boulder
4050001,Garden Formation,GeneratedIcons/Other/GardenFormation,4,Rock Outcrop
4050002,Rocky Garden Pillar,GeneratedIcons/Other/GardenPillarB,4,Rock Boulder
4050003,Rocky Garden Pillars,GeneratedIcons/Other/GardenPillarC,4,Rock Boulder
4050004,Rocky Garden Formation,GeneratedIcons/Other/GardenPillarD,4,Rock Boulder
4050005,Diorite Pillar,GeneratedIcons/Other/DioritePillar,4,Rock Boulder
4050006,Large Rocky Garden Pillars,GeneratedIcons/Other/LargeRockyGardenPillars,4,Rock Boulder
4050007,Large Rocky Garden Formations,GeneratedIcons/Other/LargeGardenFormation,4,Rock Boulder
4110000,Pygmy Lobsters,GeneratedIcons/Other/SchoolOfShrimpT4,4,Baitfish
4110001,School Of Mossfin Chub,GeneratedIcons/Other/SchoolOfMossfinChub,4,Lake Fish School
4110002,School Of Seastorm Tuna,GeneratedIcons/Other/SchoolOfSeastormTuna,4,Ocean Fish School
4110003,Frenzied School Of Seastorm Tuna,GeneratedIcons/Other/FrenziedSchoolOfSeastormTuna,4,Chummed Ocean Fish School
4110004,Crystal Shell Scallop,GeneratedIcons/Other/CrystalShellScallop,4,Mollusks
5045122,School Of Tidebreaker Barracuda,GeneratedIcons/Other/SchoolOfAbyssalSwordfish,7,Ocean Fish School
5050000,Garden Pillar Interior,GeneratedIcons/Other/GardenPillarInterior,5,Rock Boulder
5050001,Garden Formation Interior,GeneratedIcons/Other/GardenFormationInterior,5,Rock Outcrop
5050002,Diorite Pillar Interior,GeneratedIcons/Other/DioritePillarInterior,5,Rock Boulder
5110000,Golden Crawfish,GeneratedIcons/Other/SchoolOfShrimpT5,5,Baitfish
5110001,School Of Emberscale Sturgeon,GeneratedIcons/Other/SchoolOfEmberscaleSturgeon,5,Lake Fish School
5110002,School Of Azure Sharks,GeneratedIcons/Other/SchoolOfAzureSharks,5,Ocean Fish School
5110003,Frenzied School Of Azure Sharks,GeneratedIcons/Other/FrenziedSchoolOfAzureSharks,5,Chummed Ocean Fish School
5110004,Armored Reef Clam,GeneratedIcons/Other/ArmoredReefClam,5,Mollusks
6110000,Sunrise Shrimp,GeneratedIcons/Other/SchoolOfShrimpT6,6,Baitfish
6110001,School Of Hexfin Perch,GeneratedIcons/Other/SchoolOfHexfinPerch,6,Lake Fish School
6110002,School Of Abyssal Swordfish,GeneratedIcons/Other/SchoolOfAbyssalSwordfish,6,Ocean Fish School
6110003,Frenzied School Of Abyssal Swordfish,GeneratedIcons/Other/FrenziedSchoolOfAbyssalSwordfish,6,Chummed Ocean Fish School
6110004,Abyssal Oyster,GeneratedIcons/Other/AbyssalOyster,6,Mollusks
20400246,Umbracite Vein Interior Depleted,GeneratedIcons/Other/GeneratedIcons/Other/OreVeinT9,9,Ore Vein
20857160,Celestium Outcrop Interior,GeneratedIcons/Other/GeneratedIcons/Other/OreVeinT8,8,Ore Vein
49710228,Luminite Outcrop Interior Depleted,GeneratedIcons/Other/GeneratedIcons/Other/OreVeinT5,5,Ore Vein
64125498,Umbracite Vein Interior,GeneratedIcons/Other/GeneratedIcons/Other/OreVeinT9,9,Ore Vein
70663203,Tier 10 Boulder,GeneratedIcons/Other/MarbleBoulder,10,Rock Boulder
71559749,Celestium Vein Interior Depleted,GeneratedIcons/Other/GeneratedIcons/Other/OreVeinT8,8,Ore Vein
93152192,Flawless Hieroglyphs,GeneratedIcons/Other/PeerlessHieroglyphs,10,Research
134935169,Pyrelite Vein Interior Depleted,GeneratedIcons/Other/GeneratedIcons/Other/OreVeinT2,2,Ore Vein
139483458,Aurumite Vein,GeneratedIcons/Other/GeneratedIcons/Other/OreVeinT7,7,Ore Vein
152428426,Medium Ferralith Vein Interior Depleted,GeneratedIcons/Other/GeneratedIcons/Other/OreVeinT1,1,Ore Vein
182331452,Traveler's Fruit,GeneratedIcons/Other/GeneratedIcons/Other/TravelersFruit,1,Wonder Resource
189403270,Tier 9 Fibers,GeneratedIcons/Other/AncientThorns,9,Fiber Plant
198759779,Emarium Outcrop Interior,GeneratedIcons/Other/GeneratedIcons/Other/OreVeinT3,3,Ore Vein
204021372,Rough Sand Pile,GeneratedIcons/Other/MudMound,1,Sand
205387239,Medium Elenvar Vein Interior Depleted,GeneratedIcons/Other/GeneratedIcons/Other/OreVeinT4,4,Ore Vein
218270468,Ferralith Outcrop Interior,GeneratedIcons/Other/GeneratedIcons/Other/OreVeinT1,1,Ore Vein
246146358,Rathium Vein Interior Depleted,GeneratedIcons/Other/GeneratedIcons/Other/OreVeinT6,6,Ore Vein
284200468,Tier 9 Flower,GeneratedIcons/Other/KingOfTheAlps,9,Flower
322711580,Faint Hexite Energy Font,GeneratedIcons/Other/GeneratedIcons/Other/HeartPowerSource,1,Energy Font
331687458,Magnificient Hieroglyphs,GeneratedIcons/Other/PeerlessHieroglyphs,9,Research
368570220,Cranberry Bush,GeneratedIcons/Other/BushBlackberry,6,Berry
370078223,Astralite Outcrop Interior,GeneratedIcons/Other/GeneratedIcons/Other/OreVeinT10,10,Ore Vein
374159821,School Of Flawless Lakefish,GeneratedIcons/Other/SchoolOfHexfinPerch,10,Lake Fish School
379219978,Medium Emarium Vein Interior,GeneratedIcons/Other/GeneratedIcons/Other/OreVeinT3,3,Ore Vein
387666932,Tier 7 Tree,GeneratedIcons/Other/BaobabTreeAncient,7,Tree
411376268,Aurumite Vein Interior Depleted,GeneratedIcons/Other/GeneratedIcons/Other/OreVeinT7,7,Ore Vein
424796674,School Of Flawless Ocean Fish,GeneratedIcons/Other/SchoolOfAbyssalSwordfish,10,Ocean Fish School
457752715,Pristine Sand,GeneratedIcons/Other/MudMound,8,Sand
464034838,Olivine Sand,GeneratedIcons/Other/MudMound,2,Sand
473828668,Bamboo,GeneratedIcons/Other/GeneratedIcons/Other/Bamboo,10,Fiber Plant
474230316,Ferralith Outcrop Interior Depleted,GeneratedIcons/Other/GeneratedIcons/Other/OreVeinT1,1,Ore Vein
479638263,Tier 8 Boulder,GeneratedIcons/Other/MarbleBoulder,8,Rock Boulder
505488132,Pristine Clay,GeneratedIcons/Other/GeneratedIcons/Other/ClayT8,8,Clay
509854054,Frenzied School Of Mysterious Anglerfish,GeneratedIcons/Other/FrenziedSchoolOfAbyssalSwordfish,8,Chummed Ocean Fish School
532077242,Indigo Milk Cap,GeneratedIcons/Other/GeneratedIcons/Other/MushroomT4,4,Mushroom
541862086,Garnet Sand,GeneratedIcons/Other/MudMound,4,Sand
549538391,Medium Luminite Vein Interior,GeneratedIcons/Other/GeneratedIcons/Other/OreVeinT5,5,Ore Vein
562432497,Magnificient Sand,GeneratedIcons/Other/MudMound,9,Sand
582591086,Ornate Berry Bush,GeneratedIcons/Other/MistberryBush,7,Berry
586543849,Ornate Mushroom,GeneratedIcons/Other/GeneratedIcons/Other/MushroomT7,7,Mushroom
642972236,Luminite Outcrop Interior,GeneratedIcons/Other/GeneratedIcons/Other/OreVeinT5,5,Ore Vein
650019671,Medium Celestium Vein Interior Depleted,GeneratedIcons/Other/GeneratedIcons/Other/OreVeinT8,8,Ore Vein
699727318,Medium Pyrelite Vein Interior,GeneratedIcons/Other/GeneratedIcons/Other/OreVeinT2,2,Ore Vein
702104027,Clay Termite Mound,GeneratedIcons/Other/BentoniteClay,6,Clay
715451185,Blueberry Bush,GeneratedIcons/Other/JuniperBerryBush,4,Berry
722506673,School Of Rainbowscaled Tilapia,GeneratedIcons/Other/SchoolOfHexfinPerch,8,Lake Fish School
723013812,Tier 7 Flower,GeneratedIcons/Other/KingOfTheAlps,7,Flower
746946997,Hexite Energy Font,GeneratedIcons/Other/GeneratedIcons/Other/HeartPowerSource,2,Energy Font
749656892,Medium Umbracite Vein Interior Depleted,GeneratedIcons/Other/GeneratedIcons/Other/OreVeinT9,9,Ore Vein
750444302,Medium Rathium Vein Interior Depleted,GeneratedIcons/Other/GeneratedIcons/Other/OreVeinT6,6,Ore Vein
756579517,Magnificient Baitfish,GeneratedIcons/Other/SchoolOfShrimpT6,9,Baitfish
762731569,Palmetto,GeneratedIcons/Other/GeneratedIcons/Other/Palmetto,6,Fiber Plant
763946195,TEST BirdSpawn,GeneratedIcons/Other/Bush,1,Stick
773149133,Medium Rathium Vein Interior,GeneratedIcons/Other/GeneratedIcons/Other/OreVeinT6,6,Ore Vein
782933576,Elenvar Outcrop Interior,GeneratedIcons/Other/GeneratedIcons/Other/OreVeinT4,4,Ore Vein
789563787,Strong Hexite Energy Font,GeneratedIcons/Other/GeneratedIcons/Other/HeartPowerSource,4,Energy Font
806722041,Elenvar Vein Interior Depleted,GeneratedIcons/Other/GeneratedIcons/Other/OreVeinT4,4,Ore Vein
814703516,Umbracite Outcrop Interior,GeneratedIcons/Other/GeneratedIcons/Other/OreVeinT9,9,Ore Vein
826362353,Frenzied School Of Tidebreaker Barracuda,GeneratedIcons/Other/FrenziedSchoolOfAbyssalSwordfish,7,Chummed Ocean Fish School
834195042,Ornate Clay,GeneratedIcons/Other/GeneratedIcons/Other/ClayT7,7,Clay
875245395,Mistberry Bush,GeneratedIcons/Other/MistberryBush,6,Berry
887736443,Luminite Vein Interior,GeneratedIcons/Other/GeneratedIcons/Other/OreVeinT5,5,Ore Vein
904022325,School Of Speedy Glowfin,GeneratedIcons/Other/SchoolOfHexfinPerch,7,Lake Fish School
916586661,Rathium Outcrop Interior,GeneratedIcons/Other/GeneratedIcons/Other/OreVeinT6,6,Ore Vein
932989637,Powerful Hexite Energy Font,GeneratedIcons/Other/GeneratedIcons/Other/HeartPowerSource,6,Energy Font
939382648,Wisteria Tree,GeneratedIcons/Other/BaobabTreeAncient,10,Tree
939701809,Gigantic Sapwood Tree,GeneratedIcons/Other/BaobabTreeAncient,9,Tree
963451338,Magnificient Berry Bush,GeneratedIcons/Other/MistberryBush,9,Berry
986344159,Medium Emarium Vein Interior Depleted,GeneratedIcons/Other/GeneratedIcons/Other/OreVeinT3,3,Ore Vein
999376882,Desert Sand,GeneratedIcons/Other/MudMound,6,Sand
1005142992,Elephant Fibers,GeneratedIcons/Other/GeneratedIcons/Other/ElephantEar,5,Fiber Plant
1006230316,Frenzied School Of Flawless Ocean Fish,GeneratedIcons/Other/FrenziedSchoolOfAbyssalSwordfish,10,Chummed Ocean Fish School
1023127595,Flawless Clay,GeneratedIcons/Other/GeneratedIcons/Other/ClayT10,10,Clay
1045808810,Pyrelite Outcrop Interior,GeneratedIcons/Other/GeneratedIcons/Other/OreVeinT2,2,Ore Vein
1064484466,Emarium Outcrop Interior Depleted,GeneratedIcons/Other/GeneratedIcons/Other/OreVeinT3,3,Ore Vein
1072537375,Russala,GeneratedIcons/Other/GeneratedIcons/Other/MushroomT3,3,Mushroom
1077990023,Elenvar Vein Interior,GeneratedIcons/Other/GeneratedIcons/Other/OreVeinT4,4,Ore Vein
1101060328,Ficus Tree,GeneratedIcons/Other/BaobabTreeAncient,8,Tree
1113640469,Tier 9 Outcrop,GeneratedIcons/Other/GeneratedIcons/Other/OutcropT9,9,Rock Outcrop
1125409070,Tier 8 Fibers,GeneratedIcons/Other/AncientThorns,8,Fiber Plant
1126774401,Medium Luminite Vein Interior Depleted,GeneratedIcons/Other/GeneratedIcons/Other/OreVeinT5,5,Ore Vein
1141184831,Frenzied School Of Magnificient Ocean Fish,GeneratedIcons/Other/FrenziedSchoolOfAbyssalSwordfish,9,Chummed Ocean Fish School
1157887989,School Of Magnificient Lake Fish,GeneratedIcons/Other/SchoolOfHexfinPerch,9,Lake Fish School
1159270109,Tier 10 Tree,GeneratedIcons/Other/BaobabTreeAncient,10,Tree
1162923141,Celestium Vein Interior,GeneratedIcons/Other/GeneratedIcons/Other/OreVeinT8,8,Ore Vein
1171246287,Medium Aurumite Vein Interior Depleted,GeneratedIcons/Other/GeneratedIcons/Other/OreVeinT7,7,Ore Vein
1180909566,Crystalized Sand,GeneratedIcons/Other/MudMound,3,Sand
1241355606,Umbracite Outcrop Interior Depleted,GeneratedIcons/Other/GeneratedIcons/Other/OreVeinT9,9,Ore Vein
1262898141,Misty Crustacean,GeneratedIcons/Other/SchoolOfShrimpT6,7,Baitfish
1264935363,Tier 8 Flower,GeneratedIcons/Other/KingOfTheAlps,8,Flower
1283632905,Traveler's Fruit (Depleted),GeneratedIcons/Other/PricklyPear,1,Wonder Resource
1283711960,Flawless Baitfish,GeneratedIcons/Other/SchoolOfShrimpT6,10,Baitfish
1303955933,Traveler's Tree,GeneratedIcons/Other/BaobabTreeAncient,1,Wonder Resource
1318826480,Rathium Outcrop Interior Depleted,GeneratedIcons/Other/GeneratedIcons/Other/OreVeinT6,6,Ore Vein
1332535555,Ornate Sand,GeneratedIcons/Other/MudMound,7,Sand
1332797261,Celestium Vein,GeneratedIcons/Other/GeneratedIcons/Other/OreVeinT8,8,Ore Vein
1333270269,Flawless Sand,GeneratedIcons/Other/MudMound,10,Sand
1357154092,Astralite Vein Interior Depleted,GeneratedIcons/Other/GeneratedIcons/Other/OreVeinT10,10,Ore Vein
1365934955,Luminite Vein Interior Depleted,GeneratedIcons/Other/GeneratedIcons/Other/OreVeinT5,5,Ore Vein
1384946093,Medium Umbracite Vein Interior,GeneratedIcons/Other/GeneratedIcons/Other/OreVeinT9,9,Ore Vein
1386735112,Umbracite Vein,GeneratedIcons/Other/GeneratedIcons/Other/OreVeinT9,9,Ore Vein
1423928615,Tier 8 Outcrop,GeneratedIcons/Other/GeneratedIcons/Other/OutcropT8,8,Rock Outcrop
1435874592,Traveler's Tree (Depleted),GeneratedIcons/Other/BaobabTreeAncient,1,Wonder Resource
1440062914,Tier 7 Boulder,GeneratedIcons/Other/MarbleBoulder,7,Rock Boulder
1444297495,Medium Astralite Vein Interior Depleted,GeneratedIcons/Other/GeneratedIcons/Other/OreVeinT10,10,Ore Vein
1452484871,Medium Astralite Vein Interior,GeneratedIcons/Other/GeneratedIcons/Other/OreVeinT10,10,Ore Vein
1458811602,Seaweed,GeneratedIcons/Other/GeneratedIcons/Other/Seaweed,9,Fiber Plant
1467799531,Dewberry Bush,GeneratedIcons/Other/MistberryBush,10,Berry
1489491467,Tier 10 Fibers,GeneratedIcons/Other/AncientThorns,10,Fiber Plant
1526038154,Magnificient Clay,GeneratedIcons/Other/GeneratedIcons/Other/ClayT9,9,Clay
1526350171,Astralite Outcrop Interior Depleted,GeneratedIcons/Other/GeneratedIcons/Other/OreVeinT10,10,Ore Vein
1558728865,Sparkling Prawn,GeneratedIcons/Other/SchoolOfShrimpT6,8,Baitfish
1565420196,Medium Ferralith Vein Interior,GeneratedIcons/Other/GeneratedIcons/Other/OreVeinT1,1,Ore Vein
1566846336,Rosewood Tree,GeneratedIcons/Other/BaobabTreeAncient,4,Tree
1567694896,Pristine Hieroglyphs,GeneratedIcons/Other/PeerlessHieroglyphs,8,Research
1574437474,Sapwood Tree,GeneratedIcons/Other/BaobabTreeAncient,9,Tree
1579330042,Yellow Apricot Bush,GeneratedIcons/Other/MistberryBush,7,Berry
1592739620,Pristine Berry Bush,GeneratedIcons/Other/MistberryBush,8,Berry
1606770008,Astralite Vein,GeneratedIcons/Other/GeneratedIcons/Other/OreVeinT10,10,Ore Vein
1619369727,Pyrelite Vein Interior,GeneratedIcons/Other/GeneratedIcons/Other/OreVeinT2,2,Ore Vein
1637125903,Flawless Mushroom,GeneratedIcons/Other/GeneratedIcons/Other/MushroomT10,10,Mushroom
1657885116,Pristine Mushroom,GeneratedIcons/Other/GeneratedIcons/Other/MushroomT8,8,Mushroom
1673056013,Terrified Adventurer's Note,Resources/SchoolOfMuckfin,2,Note
1689263994,Aurumite Outcrop Interior Depleted,GeneratedIcons/Other/GeneratedIcons/Other/OreVeinT7,7,Ore Vein
1691492474,Coral Sand,GeneratedIcons/Other/MudMound,5,Sand
1709170104,Elenvar Outcrop Interior Depleted,GeneratedIcons/Other/GeneratedIcons/Other/OreVeinT4,4,Ore Vein
1731709368,Overwhelming Hexite Energy Font,GeneratedIcons/Other/GeneratedIcons/Other/HeartPowerSource,8,Energy Font
1742959882,Magnificient Mushroom,GeneratedIcons/Other/GeneratedIcons/Other/MushroomT9,9,Mushroom
1747556974,Astralite Vein Interior,GeneratedIcons/Other/GeneratedIcons/Other/OreVeinT10,10,Ore Vein
1800013378,Medium Aurumite Vein Interior,GeneratedIcons/Other/GeneratedIcons/Other/OreVeinT7,7,Ore Vein
1812221896,School Of Magnificient Ocean Fish,GeneratedIcons/Other/SchoolOfAbyssalSwordfish,9,Ocean Fish School
1821415333,Mature Sapwood Tree,GeneratedIcons/Other/BaobabTreeAncient,9,Tree
1828992183,Pyrelite Outcrop Interior Depleted,GeneratedIcons/Other/GeneratedIcons/Other/OreVeinT2,2,Ore Vein
1842369948,Medium Pyrelite Vein Interior Depleted,GeneratedIcons/Other/GeneratedIcons/Other/OreVeinT2,2,Ore Vein
1902966974,Tier 9 Boulder,GeneratedIcons/Other/MarbleBoulder,9,Rock Boulder
1908426535,Windswept Tree,,3,Tree
1917261269,Jute,GeneratedIcons/Other/GeneratedIcons/Other/Jute,4,Fiber Plant
1917744937,Ferralith Vein Interior Depleted,GeneratedIcons/Other/GeneratedIcons/Other/OreVeinT1,1,Ore Vein
1954847232,Black Fig Bush,GeneratedIcons/Other/MistberryBush,9,Berry
1962517199,Ferralith Vein Interior,GeneratedIcons/Other/GeneratedIcons/Other/OreVeinT1,1,Ore Vein
1981854097,Tier 7 Fibers,GeneratedIcons/Other/AncientThorns,7,Fiber Plant
1986100626,Tier 10 Flower,GeneratedIcons/Other/KingOfTheAlps,10,Flower
1996631377,Tier 10 Outcrop,GeneratedIcons/Other/GeneratedIcons/Other/OutcropT10,10,Rock Outcrop
2025189123,Medium Celestium Vein Interior,GeneratedIcons/Other/GeneratedIcons/Other/OreVeinT8,8,Ore Vein
2027405944,Rathium Vein Interior,GeneratedIcons/Other/GeneratedIcons/Other/OreVeinT6,6,Ore Vein
2031243337,Aurumite Vein Interior,GeneratedIcons/Other/GeneratedIcons/Other/OreVeinT7,7,Ore Vein
2066552867,Medium Elenvar Vein Interior,GeneratedIcons/Other/GeneratedIcons/Other/OreVeinT4,4,Ore Vein
2068688558,Emarium Vein Interior Depleted,GeneratedIcons/Other/GeneratedIcons/Other/OreVeinT3,3,Ore Vein
2072988001,Emarium Vein Interior,GeneratedIcons/Other/GeneratedIcons/Other/OreVeinT3,3,Ore Vein
2073862342,Aurumite Outcrop Interior,GeneratedIcons/Other/GeneratedIcons/Other/OreVeinT7,7,Ore Vein
2089197796,Enoki,GeneratedIcons/Other/GeneratedIcons/Other/MushroomT10,10,Mushroom
2104975743,Tier 7 Outcrop,GeneratedIcons/Other/GeneratedIcons/Other/OutcropT7,7,Rock Outcrop
2110330714,Flawless Berry Bush,GeneratedIcons/Other/MistberryBush,10,Berry
2124845482,Ornate Hieroglyphs,GeneratedIcons/Other/PeerlessHieroglyphs,7,Research
2140754992,Celestium Outcrop Interior Depleted,GeneratedIcons/Other/GeneratedIcons/Other/OreVeinT8,8,Ore Vein
2144918116,Daisy,GeneratedIcons/Other/Daisy,1,Flower
2145270439,Jakyl Den,,-1,Monster Den
